id_fato_decisao,processo,relator_atual,nome_ministro_a,meio_processo,origem_decisao,ambiente_julgamento,data_de_autuacao,data_baixa,indicador_colegiado,ano_da_decisao,data_da_decisao,tipo_decisao,andamento_decisao,observacao_do_andamento,ramo_direito,assuntos_do_processo,indicador_de_tramitacao,orgao_julgador,descricao_procedencia_processo,descricao_orgao_origem,anos_tramitacao,categoria_analise,ano_autuacao,ano_decisao,modo_decisao,ambiente_simplificado
20574197,ADI 5487,Min. Rosa Weber,MIN. ROSA WEBER,ELETRÔNICO,TRIBUNAL PLENO,Presencial,2016-03-17,19/02/2018 13:49:48,COLEGIADA,2016,2016-08-25,Decisão Final,Procedente em parte,"Decisão: O Tribunal, por maioria, deu parcial procedência ao pedido, conferindo interpretação conforme ao § 5º do art. 46 da Lei nº 9.504/1997, com a redação dada pela Lei nº 13.165/2015, para se determinar que os candidatos aptos não possam deliberar pela exclusão dos debates de candidatos cuja participação seja facultativa, quando a emissora tenha optado por convidá-los, vencidos os Ministros Rosa Weber (Relatora), Ricardo Lewandowski, Teori Zavascki, que julgavam improcedente o pedido, e os Ministros Marco Aurélio e Celso de Mello, que o julgavam procedente. Redigirá o acórdão o Ministro Roberto Barroso. Ausentes, justificadamente, os Ministros Ricardo Lewandowski (Presidente) e Roberto Barroso. Presidiu o julgamento a Ministra Cármen Lúcia (Vice-Presidente). Plenário, 25.08.2016.",DIREITO ELEITORAL E PROCESSO ELEITORAL DO STF | ELEIÇÃO | CAMPANHA ELEITORAL | PROPAGANDA ELEITORAL,DIREITO ELEITORAL E PROCESSO ELEITORAL DO STF | ELEIÇÃO | CAMPANHA ELEITORAL | PROPAGANDA ELEITORAL,Não,TRIBUNAL PLENO,DISTRITO FEDERAL,SUPREMO TRIBUNAL FEDERAL,0.4407939767282683,Mérito,2016,2016,Colegiada,Plenário Presencial
21622328,ADI 5488,Min. Dias Toffoli,MIN. DIAS TOFFOLI,ELETRÔNICO,TRIBUNAL PLENO,Presencial,2016-03-21,19/02/2018 19:29:46,COLEGIADA,2016,2016-09-01,Decisão Final,Procedente em parte,"NA SESSÃO DO PLENÁRIO DE 31.8.2016 - Decisão: Concluindo o julgamento, o Tribunal, por maioria e nos termos do voto do Relator, conheceu em parte da ação e, na parte conhecida, julgou parcialmente procedente o pedido formulado para conferir interpretação conforme ao § 5º do art. 46 da Lei 9.504/97, para esclarecer que as emissoras ficam facultadas para convidar outros candidatos não enquadrados no critério do caput do art. 46, independentemente de concordância dos candidatos aptos, conforme critérios objetivos, que atendam os princípios da imparcialidade e da isonomia e o direito à informação, a ser regulamentado pelo Tribunal Superior Eleitoral, vencido, em parte, o Ministro Marco Aurélio, que julgava o pedido procedente, e vencidos os Ministros Ricardo Lewandowski (Presidente), Teori Zavascki, Rosa Weber, Edson Fachin e Celso de Mello, que julgavam improcedente o pedido. Reajustou seu voto o Ministro Roberto Barroso. Ausentes, justificadamente, o Ministro Gilmar Mendes, e, nesta asse",DIREITO ELEITORAL | ELEIÇÕES | PROPAGANDA POLÍTICA - PROPAGANDA ELEITORAL |PROPAGANDA POLÍTICA - PROPAGANDA ELEITORAL - DEBATE POLÍTICO,DIREITO ELEITORAL | ELEIÇÕES | PROPAGANDA POLÍTICA - PROPAGANDA ELEITORAL |PROPAGANDA POLÍTICA - PROPAGANDA ELEITORAL - DEBATE POLÍTICO,Não,TRIBUNAL PLENO,DISTRITO FEDERAL,SUPREMO TRIBUNAL FEDERAL,0.4490075290896646,Mérito,2016,2016,Colegiada,Plenário Presencial
21923340,ADI 5491,Min. Dias Toffoli,MIN. DIAS TOFFOLI,ELETRÔNICO,TRIBUNAL PLENO,Presencial,2016-04-04,18/09/2017 16:33:31,COLEGIADA,2016,2016-08-25,Decisão Final,Improcedente,"Decisão: O Tribunal, por maioria e nos termos do voto do Relator, julgou improcedente o pedido formulado, vencidos o Ministro Edson Fachin, que dava parcial procedência ao pedido, e os Ministros Marco Aurélio e Celso de Mello, que o julgavam procedente. Ausentes, justificadamente, os Ministros Ricardo Lewandowski (Presidente) e Roberto Barroso. Presidiu o julgamento a Ministra Cármen Lúcia (Vice-Presidente). Plenário, 25.08.2016.",DIREITO ELEITORAL | ELEIÇÕES |ELEIÇÕES - ELEIÇÃO PROPORCIONAL,DIREITO ELEITORAL | ELEIÇÕES |ELEIÇÕES - ELEIÇÃO PROPORCIONAL,Não,TRIBUNAL PLENO,DISTRITO FEDERAL,SUPREMO TRIBUNAL FEDERAL,0.3915126625598905,Mérito,2016,2016,Colegiada,Plenário Presencial
29990877,ADI 5507,Min. Dias Toffoli,MIN. DIAS TOFFOLI,ELETRÔNICO,TRIBUNAL PLENO - SESSÃO VIRTUAL,Virtual,2016-04-28,11/10/2022 14:24:26,COLEGIADA,2022,2022-09-05,Decisão Final,Procedente em parte,"Decisão: O Tribunal, por maioria, julgou parcialmente procedente a presente ação direta de inconstitucionalidade, tão somente para dar interpretação conforme ao § 2º do art. 96-B da Lei n. 9.504/97, acrescentado pelo art. 2º da Lei n. 13.165/2015, nos termos da jurisprudência do Tribunal Superior Eleitoral, no sentido de que a regra geral de reunião dos processos pode ser afastada, no caso concreto, sempre que a celeridade, a duração razoável do processo (art. 5º, LXXVIII, da CF), o bom andamento da marcha processual, o contraditório e a ampla defesa (art. 5º, LV, da CF), a organicidade dos julgamentos e o relevante interesse público envolvido recomendem a separação dos feitos, nos termos do voto do Relator, vencidos os Ministros André Mendonça e Edson Fachin, que julgavam improcedente a ação. Plenário, Sessão Virtual de 26.8.2022 a 2.9.2022.",DIREITO ELEITORAL |GARANTIAS PROCESSUAIS,DIREITO ELEITORAL |GARANTIAS PROCESSUAIS,Não,TRIBUNAL PLENO,DISTRITO FEDERAL,SUPREMO TRIBUNAL FEDERAL,6.354551676933607,Mérito,2016,2022,Colegiada,Plenário Virtual
26846467,ADI 5518,Min. Celso de Mello,MIN. CELSO DE MELLO,ELETRÔNICO,MONOCRÁTICA,Presencial,2016-05-09,28/05/2020 15:25:20,MONOCRÁTICA,2020,2020-04-30,Decisão Final,Não conhecido(s),Em 30/04/2020.,DIREITO ELEITORAL | PARTIDOS POLÍTICOS,DIREITO ELEITORAL | PARTIDOS POLÍTICOS,Não,MONOCRÁTICA,DISTRITO FEDERAL,SUPREMO TRIBUNAL FEDERAL,3.975359342915811,Sem mérito,2016,2020,Monocrática,Plenário Presencial
22035339,ADI 5525,Min. Luís Roberto Barroso,MIN. LUÍS ROBERTO BARROSO,ELETRÔNICO,TRIBUNAL PLENO,Presencial,2016-05-13,13/12/2019 09:51:22,COLEGIADA,2018,2018-03-08,Decisão Final,Procedente em parte,"Decisão: O Tribunal, por maioria e nos termos do voto do Relator, julgou parcialmente procedente a ação para declarar a inconstitucionalidade da locução ""após o trânsito em julgado"", prevista no § 3º do art. 224 do Código Eleitoral, e para conferir interpretação conforme a Constituição ao § 4º do mesmo artigo, de modo a afastar do seu âmbito de incidência as situações de vacância nos cargos de Presidente e Vice-Presidente da República, bem como no de Senador da República. Vencido, em parte, o Ministro Alexandre de Moraes, nos termos de seu voto. Presidiu o julgamento a Ministra Cármen Lúcia. Plenário, 8.3.2018.",DIREITO ELEITORAL | ELEIÇÕES |ELEIÇÕES - ELEIÇÃO MAJORITÁRIA,DIREITO ELEITORAL | ELEIÇÕES |ELEIÇÕES - ELEIÇÃO MAJORITÁRIA,Não,TRIBUNAL PLENO,DISTRITO FEDERAL,SUPREMO TRIBUNAL FEDERAL,1.8179329226557153,Mérito,2016,2018,Colegiada,Plenário Presencial
20903507,ADI 5577,Min. Rosa Weber,MIN. ROSA WEBER,ELETRÔNICO,TRIBUNAL PLENO,Presencial,2016-08-19,19/02/2018 13:49:48,COLEGIADA,2016,2016-08-25,Decisão Final,Improcedente,"Decisão: Convertida a apreciação do referendo da cautelar em julgamento de mérito, o Tribunal, por maioria e nos termos do voto da Relatora, julgou improcedente o pedido formulado, vencidos os Ministros Edson Fachin, Marco Aurélio e Celso de Mello. Não votaram os Ministros Ricardo Lewandowski (Presidente) e Roberto Barroso, ausentes justificadamente. Presidiu o julgamento a Ministra Cármen Lúcia (Vice-Presidente). Plenário, 25.08.2016.",DIREITO ELEITORAL E PROCESSO ELEITORAL DO STF | ELEIÇÃO | CAMPANHA ELEITORAL | PROPAGANDA ELEITORAL,DIREITO ELEITORAL E PROCESSO ELEITORAL DO STF | ELEIÇÃO | CAMPANHA ELEITORAL | PROPAGANDA ELEITORAL,Não,TRIBUNAL PLENO,DISTRITO FEDERAL,SUPREMO TRIBUNAL FEDERAL,0.01642710472279261,Mérito,2016,2016,Colegiada,Plenário Presencial
24370106,ADI 5617,Min. Edson Fachin,MIN. EDSON FACHIN,ELETRÔNICO,TRIBUNAL PLENO,Presencial,2016-10-24,27/03/2019 14:20:35,COLEGIADA,2018,2018-03-15,Decisão Final,Procedente,"Decisão: O Tribunal, por maioria e nos termos do voto do Relator, julgou procedente a ação direta para: i) declarar a inconstitucionalidade da expressão ""três"", contida no art. 9º da Lei 13.165/2015, eliminando o limite temporal até agora fixado; ii) dar interpretação conforme à Constituição ao art. 9º da Lei 13.165/2015 de modo a (a) equiparar o patamar legal mínimo de candidaturas femininas (hoje o do art. 10, § 3º, da Lei 9.504/1997, isto é, ao menos 30% de cidadãs), ao mínimo de recursos do Fundo Partidário a lhes serem destinados, que deve ser interpretado como também de 30% do montante do Fundo alocado a cada partido, para as eleições majoritárias e proporcionais, e (b) fixar que, havendo percentual mais elevado de candidaturas femininas, o mínimo de recursos globais do partido destinados a campanhas lhe seja alocado na mesma proporção; iii) declarar a inconstitucionalidade, por arrastamento, do § 5º-A e do § 7º do art. 44 da Lei 9.096/1995. Vencidos, em parte, os Ministros Marc",DIREITO ELEITORAL | ELEIÇÕES |RECURSOS FINANCEIROS DE CAMPANHA ELEITORAL,DIREITO ELEITORAL | ELEIÇÕES |RECURSOS FINANCEIROS DE CAMPANHA ELEITORAL,Não,TRIBUNAL PLENO,DISTRITO FEDERAL,SUPREMO TRIBUNAL FEDERAL,1.3880903490759753,Mérito,2016,2018,Colegiada,Plenário Presencial
22871037,ADI 5619,Min. Luís Roberto Barroso,MIN. LUÍS ROBERTO BARROSO,ELETRÔNICO,TRIBUNAL PLENO,Presencial,2016-10-31,22/08/2018 19:55:38,COLEGIADA,2018,2018-03-08,Decisão Final,Improcedente,"Decisão: O Tribunal, por maioria, vencido o Ministro Marco Aurélio, julgou totalmente improcedente a ação direta e fixou tese nos seguintes termos: ""É constitucional legislação federal que estabeleça novas eleições para os cargos majoritários simples - isto é, Prefeitos de Municípios com menos de duzentos mil eleitores e Senadores da República - em casos de vacância por causas eleitorais"". Tudo nos termos do voto do Relator. Presidiu o julgamento a Ministra Cármen Lúcia. Plenário, 8.3.2018.",DIREITO ELEITORAL | ELEIÇÕES |ELEIÇÕES - ELEIÇÃO MAJORITÁRIA,DIREITO ELEITORAL | ELEIÇÕES |ELEIÇÕES - ELEIÇÃO MAJORITÁRIA,Não,TRIBUNAL PLENO,DISTRITO FEDERAL,SUPREMO TRIBUNAL FEDERAL,1.3497604380561259,Mérito,2016,2018,Colegiada,Plenário Presencial
27228220,ADI 5730,Min. Celso de Mello,MIN. CELSO DE MELLO,ELETRÔNICO,MONOCRÁTICA,Presencial,2017-06-16,26/05/2020 18:49:38,MONOCRÁTICA,2020,2020-04-29,Decisão Final,Não conhecido(s),"""(...) Sendo assim, em face das razões expostas, e acolhendo, ainda,                    a manifestação da douta Procuradoria-Geral da República, não conheço da presente ação direta.

Arquivem-se estes autos.

Publique-se.""
",DIREITO ELEITORAL |ADMINISTRAÇÃO DA JUSTIÇA ELEITORAL,DIREITO ELEITORAL |ADMINISTRAÇÃO DA JUSTIÇA ELEITORAL,Não,MONOCRÁTICA,DISTRITO FEDERAL,SUPREMO TRIBUNAL FEDERAL,2.869267624914442,Sem mérito,2017,2020,Monocrática,Plenário Presencial
23596900,ADI 5759,Min. Luís Roberto Barroso,MIN. LUÍS ROBERTO BARROSO,ELETRÔNICO,MONOCRÁTICA,Presencial,2017-08-19,10/10/2018 20:04:14,MONOCRÁTICA,2018,2018-09-04,Decisão Final,Negado seguimento,"Em 3/9/2018: ""(...) Diante do exposto, nego seguimento a presente ação direta de inconstitucionalidade, julgando extinto o processo, sem julgamento de mérito, nos termos do art. 485, inciso VI, do Código de Processo Civil.

Publique-se. Intimem-se.""",DIREITO ELEITORAL | ELEIÇÕES,DIREITO ELEITORAL | ELEIÇÕES,Não,MONOCRÁTICA,DISTRITO FEDERAL,SUPREMO TRIBUNAL FEDERAL,1.0431211498973305,Sem mérito,2017,2018,Monocrática,Plenário Presencial
25537798,ADI 5808,Min. Cármen Lúcia,MIN. CÁRMEN LÚCIA,ELETRÔNICO,MONOCRÁTICA,Presencial,2017-11-07,12/02/2019 18:24:26,MONOCRÁTICA,2018,2018-12-03,Decisão Final,Prejudicado,*NI*,DIREITO ELEITORAL | ELEIÇÕES,DIREITO ELEITORAL | ELEIÇÕES,Não,MONOCRÁTICA,DISTRITO FEDERAL,SUPREMO TRIBUNAL FEDERAL,1.0704996577686516,Prejudicado,2017,2018,Monocrática,Plenário Presencial
34702647,ADI 5875,Min. Luiz Fux,MIN. LUIZ FUX,ELETRÔNICO,TRIBUNAL PLENO,Presencial,2017-12-27,04/05/2026 16:45:21,COLEGIADA,2025,2025-05-28,Decisão Final,Procedente em parte,"Decisão: O Tribunal, por unanimidade, julgou parcialmente procedente a ação direta, para dar interpretação conforme à Constituição Federal à expressão ""duração de seus órgãos (...) provisórios"" constante do § 1º do art. 17 da CF (com a redação dada pela EC nº 97/2017), para: (i) definir que os órgãos partidários provisórios possuem prazo máximo de vigência de até 4 (quatro) anos, vedada qualquer tipo de prorrogação ou substituição subsequente por outro órgão provisório, ainda que com composição diversa; (ii) estabelecer que as comissões provisórias devem ser substituídas por órgãos permanentes, com eleições periódicas, dentro do prazo máximo de vigência, sob pena de, não o fazendo, ficar suspenso o direito de recebimento pelo partido político dos fundos partidário e eleitoral, quando for o caso, até a regularização, sem a possibilidade de pleitear valores retroativos. Por fim, também por unanimidade, o Tribunal modulou a decisão para que produza efeitos a partir da data da publicação da ata da sessão de julgamento. Tudo nos termos do voto do Relator. Presidência do Ministro Luís Roberto Barroso. Plenário, 28.5.2025.",DIREITO ELEITORAL | PARTIDOS POLÍTICOS | COLIGAÇÃO PARTIDÁRIA | COLIGAÇÃO PARTIDÁRIA - PROPORCIONAL,DIREITO ELEITORAL | PARTIDOS POLÍTICOS | COLIGAÇÃO PARTIDÁRIA | COLIGAÇÃO PARTIDÁRIA - PROPORCIONAL,Não,TRIBUNAL PLENO,DISTRITO FEDERAL,SUPREMO TRIBUNAL FEDERAL,7.416837782340862,Mérito,2017,2025,Colegiada,Plenário Presencial
27998949,ADI 5889,Min. Gilmar Mendes,MIN. GILMAR MENDES,ELETRÔNICO,TRIBUNAL PLENO - SESSÃO VIRTUAL,Virtual,2018-02-05,15/10/2020 05:41:54,COLEGIADA,2020,2020-09-16,Decisão Final,Procedente,"Decisão: O Tribunal, por unanimidade, confirmou a medida cautelar anteriormente deferida pelo Plenário e julgou procedente o pedido formulado na ação direta para declarar a inconstitucionalidade do art. 59-A e parágrafo único da Lei nº 9.504/97, incluído pela Lei nº 13.165/15, nos termos do voto do Relator. O Ministro Roberto Barroso acompanhou o Relator com ressalvas. Falou, pelo amicus curiae Sindicato Nacional dos Peritos Criminais Federais – APCF, o Dr. Alberto Emanuel Albertin Malta. Não participou deste julgamento, por motivo de licença médica, o Ministro Celso de Mello. Afirmou suspeição o Ministro Luiz Fux. Plenário, Sessão Virtual de 4.9.2020 a 14.9.2020 (Sessão iniciada na Presidência do Ministro Dias Toffoli e finalizada na Presidência do Ministro Luiz Fux).",DIREITO ELEITORAL | ELEIÇÕES |GARANTIAS ELEITORAIS,DIREITO ELEITORAL | ELEIÇÕES |GARANTIAS ELEITORAIS,Não,TRIBUNAL PLENO,DISTRITO FEDERAL,SUPREMO TRIBUNAL FEDERAL,2.6119096509240247,Mérito,2018,2020,Colegiada,Plenário Virtual
24276192,ADI 5922,Min. Luiz Fux,MIN. LUIZ FUX,ELETRÔNICO,MONOCRÁTICA,Presencial,2018-03-21,19/03/2020 19:43:54,MONOCRÁTICA,2018,2018-09-21,Decisão Final,Não conhecido(s),"""(...) Ex positis, diante da ausência do interesse de agir, e com fundamento
no artigo 21, § 1º, do RISTF, NÃO CONHEÇO a presente ação direta de
inconstitucionalidade.
Fica prejudicado o pedido do Democratas - DEM de ingresso no
feito, na qualidade de amicus curiae.""",DIREITO ELEITORAL | ELEIÇÕES | PROPAGANDA POLÍTICA - PROPAGANDA ELEITORAL | PROPAGANDA POLÍTICA - PROPAGANDA ELEITORAL - HORÁRIO ELEITORAL GRATUITO |PROPAGANDA POLÍTICA - PROPAGANDA ELEITORAL - DISTRIBUIÇÃO DE TEMPO DE PROPAGANDA,DIREITO ELEITORAL | ELEIÇÕES | PROPAGANDA POLÍTICA - PROPAGANDA ELEITORAL | PROPAGANDA POLÍTICA - PROPAGANDA ELEITORAL - HORÁRIO ELEITORAL GRATUITO |PROPAGANDA POLÍTICA - PROPAGANDA ELEITORAL - DISTRIBUIÇÃO DE TEMPO DE PROPAGANDA,Não,MONOCRÁTICA,DISTRITO FEDERAL,SUPREMO TRIBUNAL FEDERAL,0.5037645448323066,Sem mérito,2018,2018,Monocrática,Plenário Presencial
22589267,ADI 6032,Min. Gilmar Mendes,MINISTRO PRESIDENTE,ELETRÔNICO,TRIBUNAL PLENO,Presencial,2018-10-10,22/05/2020 15:49:19,COLEGIADA,2019,2019-12-05,Decisão Final,Procedente em parte,"Decisão: Preliminarmente, o Tribunal, por maioria, conheceu da ação direta, vencido parcialmente o Ministro Roberto Barroso, que dela conhecia em menor parte e, por unanimidade, converteu o julgamento do referendo em medida cautelar em julgamento definitivo de mérito. Na sequência, por maioria, julgou parcialmente procedente o pedido para conferir interpretação conforme à Constituição às normas do art. 47, caput e § 2º, da Res./TSE 23.432/2014; do art. 48, caput e § 2º, da Res./TSE 23.546/2017; e do art. 42, caput, da Res./TSE 23.571/2018, afastando qualquer interpretação que permita que a sanção de suspensão do registro ou anotação do órgão partidário regional ou municipal seja aplicada de forma automática, como consequência da decisão que julga as contas não prestadas, assegurando que tal penalidade somente pode ser aplicada após decisão, com trânsito em julgado, decorrente de procedimento específico de suspensão de registro, conforme o art. 28 da Lei 9.096/1995, nos termos do voto",DIREITO ELEITORAL | ELEIÇÕES |RECURSOS FINANCEIROS DE CAMPANHA ELEITORAL,DIREITO ELEITORAL | ELEIÇÕES |RECURSOS FINANCEIROS DE CAMPANHA ELEITORAL,Não,TRIBUNAL PLENO,DISTRITO FEDERAL,TRIBUNAL SUPERIOR ELEITORAL,1.1526351813826146,Mérito,2018,2019,Colegiada,Plenário Presencial
27300119,ADI 6044,Min. Cármen Lúcia,MIN. CÁRMEN LÚCIA,ELETRÔNICO,TRIBUNAL PLENO - SESSÃO VIRTUAL,Virtual,2018-11-28,26/03/2021 14:01:36,COLEGIADA,2021,2021-03-08,Decisão Final,Improcedente,"Decisão: O Tribunal, por unanimidade, converteu o julgamento da medida cautelar em definitivo de mérito para julgar improcedente a ação direta e declarar constitucional o § 9º do artigo 29 da Lei dos Partidos Políticos (Lei nº 9.096/95), introduzido pelo artigo 2º da Lei nacional nº 13.107/15, nos termos do voto da Relatora. Plenário, Sessão Virtual de 26.2.2021 a 5.3.2021.",DIREITO ELEITORAL E PROCESSO ELEITORAL DO STF | PARTIDO POLÍTICO | CRIAÇÃO DO PARTIDO POLÍTICO,DIREITO ELEITORAL E PROCESSO ELEITORAL DO STF | PARTIDO POLÍTICO | CRIAÇÃO DO PARTIDO POLÍTICO,Não,TRIBUNAL PLENO,DISTRITO FEDERAL,SUPREMO TRIBUNAL FEDERAL,2.2751540041067764,Mérito,2018,2021,Colegiada,Plenário Virtual
29865119,ADI 6230,Min. Ricardo Lewandowski,MIN. RICARDO LEWANDOWSKI,ELETRÔNICO,TRIBUNAL PLENO - SESSÃO VIRTUAL,Virtual,2019-09-16,07/10/2022 13:44:47,COLEGIADA,2022,2022-08-08,Decisão Final,Procedente em parte,"Decisão: O Tribunal, por unanimidade, i) reconheceu o prejuízo da presente ação direta de inconstitucionalidade quanto aos arts. 55-A, 55-B e 55-C da Lei 9.096/1995, na redação dada pela Lei 13.831/2019; ii) deu interpretação conforme à Constituição ao § 2º do art. 3º da Lei 9.096/1995, na redação dada pela Lei 13.831/2019, para assentar que os partidos políticos podem, no exercício de sua autonomia constitucional, estabelecer a duração dos mandatos de seus dirigentes desde que compatível com o princípio republicano da alternância do poder concretizado por meio da realização de eleições periódicas em prazo razoável; iii) julgou procedente o pedido quanto ao § 3º do art. 3º da Lei 9.096/1995, na redação dada pela Lei 13.831/2019; iv) julgou improcedente o pedido quanto ao art. 55-D da Lei 9.096/1995, na redação dada pela Lei 13.831/2019; e v) determinou que a decisão, no trecho em que reconhece a inconstitucionalidade da norma, produza efeitos exclusivamente a partir de janeiro de 2023,",DIREITO ELEITORAL | PARTIDOS POLÍTICOS |ÓRGÃO DE DIREÇÃO PARTIDÁRIA,DIREITO ELEITORAL | PARTIDOS POLÍTICOS |ÓRGÃO DE DIREÇÃO PARTIDÁRIA,Não,TRIBUNAL PLENO,DISTRITO FEDERAL,SUPREMO TRIBUNAL FEDERAL,2.8939082819986313,Mérito,2019,2022,Colegiada,Plenário Virtual
29077989,ADI 6281,Min. Luiz Fux,MIN. LUIZ FUX,ELETRÔNICO,TRIBUNAL PLENO,Presencial,2019-12-10,03/06/2022 13:39:04,COLEGIADA,2022,2022-02-17,Decisão Final,Improcedente,"Decisão: O Tribunal, por maioria, julgou improcedente a ação direta, nos termos do voto do Ministro Nunes Marques, Redator para o acórdão, vencidos os Ministros Luiz Fux (Presidente e Relator), Edson Fachin, Roberto Barroso e Cármen Lúcia, que julgavam procedente o pedido, e, em menor extensão, o Ministro André Mendonça, que julgava parcialmente procedente o pedido. Plenário, 17.2.2022.",DIREITO ELEITORAL E PROCESSO ELEITORAL DO STF | ELEIÇÃO | CAMPANHA ELEITORAL | PROPAGANDA ELEITORAL,DIREITO ELEITORAL E PROCESSO ELEITORAL DO STF | ELEIÇÃO | CAMPANHA ELEITORAL | PROPAGANDA ELEITORAL,Não,TRIBUNAL PLENO,DISTRITO FEDERAL,SUPREMO TRIBUNAL FEDERAL,2.190280629705681,Mérito,2019,2022,Colegiada,Plenário Presencial
26990683,ADI 6356,Min. Luís Roberto Barroso,MIN. LUÍS ROBERTO BARROSO,ELETRÔNICO,MONOCRÁTICA,Presencial,2020-03-27,19/08/2020 06:43:33,MONOCRÁTICA,2020,2020-06-19,Decisão Final,Negado seguimento,Prejudicado o pedido de medida cautelar.,DIREITO ELEITORAL | ELEIÇÕES | PRESTAÇÃO DE CONTAS,DIREITO ELEITORAL | ELEIÇÕES | PRESTAÇÃO DE CONTAS,Não,MONOCRÁTICA,DISTRITO FEDERAL,SUPREMO TRIBUNAL FEDERAL,0.2299794661190965,Sem mérito,2020,2020,Monocrática,Plenário Presencial
27347872,ADI 6395,Min. Gilmar Mendes,MIN. GILMAR MENDES,ELETRÔNICO,TRIBUNAL PLENO,Virtual,2020-04-24,19/10/2020 18:03:18,COLEGIADA,2020,2020-08-31,Decisão Final,Improcedente,"Decisão: O Tribunal, por unanimidade, julgou improcedente a ação direta quanto ao art. 36, § 11, da Resolução nº 23.604/2019 do Tribunal Superior Eleitoral. Por maioria, julgou improcedente o pedido de declaração de inconstitucionalidade em relação ao art. 28, IV, da Res. TSE, vencidos os Ministros Gilmar Mendes (Relator) e Marco Aurélio. Os Ministros Roberto Barroso e Cármen Lúcia, inicialmente, não conheciam da ação quanto a esse dispositivo, mas, vencidos, julgavam-no improcedente. Redigirá o acórdão o Ministro Edson Fachin. Falou, pelo amicus curiae Movimento Transparência Partidária, o Dr. Marcelo Kalil Issa. Não participou deste julgamento, por motivo de licença médica, o Ministro Celso de Mello. Plenário, Sessão Virtual de 21.8.2020 a 28.8.2020.",DIREITO ELEITORAL | PARTIDOS POLÍTICOS | FUNDO PARTIDÁRIO,DIREITO ELEITORAL | PARTIDOS POLÍTICOS | FUNDO PARTIDÁRIO,Não,TRIBUNAL PLENO,DISTRITO FEDERAL,SUPREMO TRIBUNAL FEDERAL,0.3531827515400411,Mérito,2020,2020,Colegiada,Plenário Virtual
29156620,ADI 6630,Min. Alexandre de Moraes,MIN. NUNES MARQUES,ELETRÔNICO,TRIBUNAL PLENO,Presencial,2020-12-15,14/09/2022 14:00:40,COLEGIADA,2022,2022-03-09,Decisão Final,Não conhecido(s),"Decisão: Preliminarmente, o Tribunal, por unanimidade, indeferiu os pedidos de realização de sustentação oral e de ingresso como amicus curiae nos autos da ação. Em seguida, por maioria, o Tribunal não conheceu da ação direta de inconstitucionalidade, nos termos do voto do Ministro Alexandre de Moraes, Redator para o acórdão, vencidos os Ministros Nunes Marques (Relator), Roberto Barroso, André Mendonça e Gilmar Mendes. Ausente, justificadamente, o Ministro Dias Toffoli. Presidência do Ministro Luiz Fux. Plenário, 9.3.2022.",DIREITO ELEITORAL | ELEIÇÕES | CANDIDATOS | INELEGIBILIDADE,DIREITO ELEITORAL | ELEIÇÕES | CANDIDATOS | INELEGIBILIDADE,Não,TRIBUNAL PLENO,DISTRITO FEDERAL,SUPREMO TRIBUNAL FEDERAL,1.2292950034223136,Sem mérito,2020,2022,Colegiada,Plenário Presencial
30811763,ADI 6703,Min. Alexandre de Moraes,MIN. ALEXANDRE DE MORAES,ELETRÔNICO,TRIBUNAL PLENO,Presencial,2021-02-26,23/08/2023 08:40:57,COLEGIADA,2023,2023-04-19,Decisão Final,Procedente,"Decisão: O Tribunal, por maioria, julgou procedente o pedido formulado na ação direta, para conferir interpretação conforme a Constituição Federal ao art. 30, § 4º, da Constituição do Estado de Roraima e estabelecer que é permitida apenas uma reeleição ou recondução sucessiva ao mesmo cargo da Mesa Diretora, mantida a composição da Mesa de Assembleia Legislativa eleita antes da publicação da ata de julgamento da ADI 6.524 (7.1.2021); e fixou as seguintes teses de julgamento: ""(i) a eleição dos membros das Mesas das Assembleias Legislativas estaduais deve observar o limite de uma única reeleição ou recondução, limite cuja observância independe de os mandatos consecutivos referirem-se à mesma legislatura; (ii) a vedação à reeleição ou recondução aplica-se somente para o mesmo cargo da mesa diretora, não impedindo que membro da mesa anterior se mantenha no órgão de direção, desde que em cargo distinto; (iii) o limite de uma única reeleição ou recondução, acima veiculado, deve orientar a f",DIREITO ELEITORAL E PROCESSO ELEITORAL DO STF | ELEIÇÃO | REGISTRO DA CANDIDATURA | REELEIÇÃO,DIREITO ELEITORAL E PROCESSO ELEITORAL DO STF | ELEIÇÃO | REGISTRO DA CANDIDATURA | REELEIÇÃO,Não,TRIBUNAL PLENO,RORAIMA,SUPREMO TRIBUNAL FEDERAL,2.1409993155373033,Mérito,2021,2023,Colegiada,Plenário Presencial
30397065,ADI 7178,Min. Dias Toffoli,MIN. DIAS TOFFOLI,ELETRÔNICO,TRIBUNAL PLENO - SESSÃO VIRTUAL,Virtual,2022-06-01,06/03/2023 14:10:22,COLEGIADA,2022,2022-12-17,Decisão Final,Procedente em parte,"Decisão: O Tribunal, por unanimidade, julgou parcialmente procedente a presente ação direta de inconstitucionalidade, apenas para dar interpretação conforme no sentido de que a inovação trazida dos arts. 3º e 4º da Lei nº 14.356, de 31 de maio de 2022, que alteram os critérios previstos no art. 73, inciso VII, da Lei n. 9.504/97, não se aplica ao pleito de 2022, em virtude do princípio da anterioridade eleitoral, previsto no art. 16 da Constituição Federal, nos termos do voto do Relator. Plenário, Sessão Virtual de 9.12.2022 a 16.12.2022.",DIREITO ELEITORAL | ELEIÇÕES,DIREITO ELEITORAL | ELEIÇÕES,Não,TRIBUNAL PLENO,DISTRITO FEDERAL,SUPREMO TRIBUNAL FEDERAL,0.5448323066392882,Mérito,2022,2022,Colegiada,Plenário Virtual
30114914,ADI 7214,Min. Ricardo Lewandowski,MIN. RICARDO LEWANDOWSKI,ELETRÔNICO,TRIBUNAL PLENO - SESSÃO VIRTUAL,Virtual,2022-07-20,14/10/2022 21:34:30,COLEGIADA,2022,2022-10-03,Decisão Final,Improcedente,"Decisão: O Tribunal, por unanimidade, conheceu da ação e julgou improcedente o pedido, nos termos do voto do Relator. Plenário, Sessão Virtual de 23.9.2022 a 30.9.2022.",DIREITO ELEITORAL | PARTIDOS POLÍTICOS | FUNDO PARTIDÁRIO,DIREITO ELEITORAL | PARTIDOS POLÍTICOS | FUNDO PARTIDÁRIO,Não,TRIBUNAL PLENO,DISTRITO FEDERAL,SUPREMO TRIBUNAL FEDERAL,0.2053388090349076,Mérito,2022,2022,Colegiada,Plenário Virtual
36409495,ADI 7244,Min. Nunes Marques,MIN. NUNES MARQUES,ELETRÔNICO,MONOCRÁTICA,Presencial,2022-09-28,*NI*,MONOCRÁTICA,2026,2026-05-14,Decisão Final,Não conhecido(s),Sem Descrição,DIREITO ELEITORAL | ELEIÇÕES,DIREITO ELEITORAL | ELEIÇÕES,Sim,MONOCRÁTICA,DISTRITO FEDERAL,SUPREMO TRIBUNAL FEDERAL,3.6249144421629023,Sem mérito,2022,2026,Monocrática,Plenário Presencial
32160096,ADI 7325,Min. Ricardo Lewandowski,MIN. RICARDO LEWANDOWSKI,ELETRÔNICO,TRIBUNAL PLENO,Presencial,2022-12-16,06/06/2024 11:59:40,COLEGIADA,2024,2024-02-28,Decisão Final,Procedente em parte,"Decisão: O Tribunal, por maioria, julgou parcialmente procedentes as ADIs 7.228, 7.263 e 7.325 para dar interpretação conforme à Constituição ao § 2° do artigo 109 do Código Eleitoral, de maneira a permitir que todas as legendas e seus candidatos participem da distribuição das cadeiras remanescentes descrita no inciso III do artigo 109 do Código Eleitoral, independentemente de terem alcançado a exigência dos 80% e 20% do quociente eleitoral, respectivamente; declarou, ainda, a inconstitucionalidade do artigo 111 do Código Eleitoral e do artigo 13 da Resolução-TSE 23.677/2021 para que, no caso de nenhum partido alcançar o quociente eleitoral, sejam aplicados, sucessivamente, o inciso I c/c o § 2° e, na sequência, o inciso III do art. 109 do Código Eleitoral, de maneira a que a distribuição das cadeiras ocorra, primeiramente, com a aplicação da cláusula de barreira 80/20 e, quando não houver mais partidos e candidatos que atendam tal exigência, as cadeiras restantes sejam distribuídas po",DIREITO ELEITORAL | ELEIÇÕES | RESULTADOS |QUOCIENTE ELEITORAL/PARTIDÁRIO,DIREITO ELEITORAL | ELEIÇÕES | RESULTADOS |QUOCIENTE ELEITORAL/PARTIDÁRIO,Não,TRIBUNAL PLENO,DISTRITO FEDERAL,SUPREMO TRIBUNAL FEDERAL,1.2019164955509924,Mérito,2022,2024,Colegiada,Plenário Presencial
34663314,ADI 7677,Min. Alexandre de Moraes,MIN. ALEXANDRE DE MORAES,ELETRÔNICO,TRIBUNAL PLENO,Presencial,2024-06-20,07/11/2025 14:38:34,COLEGIADA,2025,2025-05-21,Decisão Final,Improcedente,"Decisão: O Tribunal, por unanimidade, conheceu da ação direta e julgou improcedente o pedido formulado, para declarar a constitucionalidade do art. 80, I; e § 1º, I, da Resolução nº 23.607/2019 do Tribunal Superior Eleitoral, fixando a seguinte tese de julgamento: ""A previsão de impedimento à obtenção de certidão de quitação eleitoral até o fim da legislatura, nos casos de contas julgadas como não prestadas, não configura nova hipótese de inelegibilidade e insere-se no poder regulamentar da Justiça Eleitoral"". Tudo nos termos do voto do Relator. Presidência do Ministro Luís Roberto Barroso. Plenário, 21.5.2025.",DIREITO ELEITORAL | ELEIÇÕES | CANDIDATOS | CONDIÇÃO DE ELEGIBILIDADE |CONDIÇÃO DE ELEGIBILIDADE - QUITAÇÃO ELEITORAL,DIREITO ELEITORAL | ELEIÇÕES | CANDIDATOS | CONDIÇÃO DE ELEGIBILIDADE |CONDIÇÃO DE ELEGIBILIDADE - QUITAÇÃO ELEITORAL,Não,TRIBUNAL PLENO,DISTRITO FEDERAL,SUPREMO TRIBUNAL FEDERAL,0.917180013689254,Mérito,2024,2025,Colegiada,Plenário Presencial
